<?xml version="1.0" encoding="UTF-8"?>
<project-private xmlns="http://www.netbeans.org/ns/project-private/1">
    <editor-bookmarks xmlns="http://www.netbeans.org/ns/editor-bookmarks/2" lastBookmarkId="0"/>
    <open-files xmlns="http://www.netbeans.org/ns/projectui-open-files/2">
        <group>
            <file>file:/D:/2.godina_IPI/Zimski%20semestar/Uzorci%20dizajna/zadaca1/zorhrncic_zadaca_1/zorhrncic_zadaca_1/src/org/foi/uzdiz/zorhrncic/dz1/log/ReportBuilderDirector.java</file>
            <file>file:/D:/2.godina_IPI/Zimski%20semestar/Uzorci%20dizajna/zadaca1/zorhrncic_zadaca_1/zorhrncic_zadaca_1/src/org/foi/uzdiz/zorhrncic/dz1/streets/LoadInitData.java</file>
            <file>file:/D:/2.godina_IPI/Zimski%20semestar/Uzorci%20dizajna/zadaca1/zorhrncic_zadaca_1/zorhrncic_zadaca_1/src/org/foi/uzdiz/zorhrncic/dz1/streets/Street.java</file>
        </group>
    </open-files>
</project-private>
