<?xml version="1.0" encoding="UTF-8"?>
<project-private xmlns="http://www.netbeans.org/ns/project-private/1">
    <editor-bookmarks xmlns="http://www.netbeans.org/ns/editor-bookmarks/2" lastBookmarkId="0"/>
    <open-files xmlns="http://www.netbeans.org/ns/projectui-open-files/2">
        <group>
            <file>file:/D:/2.godina_IPI/Zimski%20semestar/Uzorci%20dizajna/zadaca2/zorhrncic_zadaca_2/zorhrncic_zadaca_2/src/org/foi/uzdiz/zorhrncic/dz2/ezo/vehicle/VehicleBio.java</file>
            <file>file:/D:/2.godina_IPI/Zimski%20semestar/Uzorci%20dizajna/zadaca2/zorhrncic_zadaca_2/zorhrncic_zadaca_2/DZ_2_vozila.txt</file>
            <file>file:/D:/2.godina_IPI/Zimski%20semestar/Uzorci%20dizajna/zadaca2/zorhrncic_zadaca_2/zorhrncic_zadaca_2/DZ_2_podrucja.txt</file>
            <file>file:/D:/2.godina_IPI/Zimski%20semestar/Uzorci%20dizajna/zadaca2/zorhrncic_zadaca_2/zorhrncic_zadaca_2/src/org/foi/uzdiz/zorhrncic/dz2/chainOfResponsibility/CommandExecutorPripremi.java</file>
            <file>file:/D:/2.godina_IPI/Zimski%20semestar/Uzorci%20dizajna/zadaca2/zorhrncic_zadaca_2/zorhrncic_zadaca_2/src/org/foi/uzdiz/zorhrncic/dz2/ezo/vehicle/VehicleMixed.java</file>
            <file>file:/D:/2.godina_IPI/Zimski%20semestar/Uzorci%20dizajna/zadaca2/zorhrncic_zadaca_2/zorhrncic_zadaca_2/src/org/foi/uzdiz/zorhrncic/dz2/ezo/vehicle/VehiclePaper.java</file>
            <file>file:/D:/2.godina_IPI/Zimski%20semestar/Uzorci%20dizajna/zadaca2/zorhrncic_zadaca_2/zorhrncic_zadaca_2/src/org/foi/uzdiz/zorhrncic/dz2/shared/Constants.java</file>
            <file>file:/D:/2.godina_IPI/Zimski%20semestar/Uzorci%20dizajna/zadaca2/zorhrncic_zadaca_2/zorhrncic_zadaca_2/src/org/foi/uzdiz/zorhrncic/dz2/ezo/vehicle/VehicleMetal.java</file>
            <file>file:/D:/2.godina_IPI/Zimski%20semestar/Uzorci%20dizajna/zadaca2/zorhrncic_zadaca_2/zorhrncic_zadaca_2/DZ_2_spremnici.txt</file>
            <file>file:/D:/2.godina_IPI/Zimski%20semestar/Uzorci%20dizajna/zadaca2/zorhrncic_zadaca_2/zorhrncic_zadaca_2/src/org/foi/uzdiz/zorhrncic/dz2/chainOfResponsibility/CommandExecutor.java</file>
            <file>file:/D:/2.godina_IPI/Zimski%20semestar/Uzorci%20dizajna/zadaca2/zorhrncic_zadaca_2/zorhrncic_zadaca_2/src/org/foi/uzdiz/zorhrncic/dz2/ezo/vehicle/VehicleGlass.java</file>
            <file>file:/D:/2.godina_IPI/Zimski%20semestar/Uzorci%20dizajna/zadaca2/zorhrncic_zadaca_2/zorhrncic_zadaca_2/DZ_2_dispecer.txt</file>
            <file>file:/D:/2.godina_IPI/Zimski%20semestar/Uzorci%20dizajna/zadaca2/zorhrncic_zadaca_2/zorhrncic_zadaca_2/src/org/foi/uzdiz/zorhrncic/dz2/ezo/Dispecer.java</file>
            <file>file:/D:/2.godina_IPI/Zimski%20semestar/Uzorci%20dizajna/zadaca2/zorhrncic_zadaca_2/zorhrncic_zadaca_2/src/org/foi/uzdiz/zorhrncic/dz2/LoadInitData.java</file>
            <file>file:/D:/2.godina_IPI/Zimski%20semestar/Uzorci%20dizajna/zadaca2/zorhrncic_zadaca_2/zorhrncic_zadaca_2/DZ_2_ulice.txt</file>
            <file>file:/D:/2.godina_IPI/Zimski%20semestar/Uzorci%20dizajna/zadaca2/zorhrncic_zadaca_2/zorhrncic_zadaca_2/src/org/foi/uzdiz/zorhrncic/dz2/ezo/vehicle/decorator/AutoPilotDecorator.java</file>
            <file>file:/D:/2.godina_IPI/Zimski%20semestar/Uzorci%20dizajna/zadaca2/zorhrncic_zadaca_2/zorhrncic_zadaca_2/DZ_2_parametri.txt</file>
            <file>file:/D:/2.godina_IPI/Zimski%20semestar/Uzorci%20dizajna/zadaca2/zorhrncic_zadaca_2/zorhrncic_zadaca_2/src/org/foi/uzdiz/zorhrncic/dz2/ezo/vehicle/Vehicle.java</file>
        </group>
    </open-files>
</project-private>
